{
 "targetTemp": 95, 
 "periods": [
  {}, 
  {
   "durMn": 10, 
   "startT": 1541548903.921371, 
   "temp": 280
  }, 
  {
   "durMn": 60, 
   "startT": 1541469180.980019, 
   "temp": 130
  }, 
  {
   "durMn": 120, 
   "startT": 1540686540.474495, 
   "temp": 170
  }
 ]
}