{
 "targetTemp": -35, 
 "periods": [
  {}, 
  {
   "durMn": 10, 
   "temp": 280, 
   "startT": 1540691144.640599
  }, 
  {
   "durMn": 60, 
   "temp": 120, 
   "startT": 1540682940.746795
  }, 
  {
   "durMn": 120, 
   "temp": 160, 
   "startT": 1540686540.474495
  }
 ]
}
