{"coolingMode": 1, "targetTemp": 52, "totalOnTimeS": 5646.910709142685, "targetHumi": 30, "lastTotalOnTimeS": 5583.8269810676575}