{"coolingMode": 1, "targetTemp": 52, "totalOnTimeS": 3053.011976003647, "targetHumi": 80, "lastTotalOnTimeS": 8156.776500701904}