{"coolingMode": 1, "targetTemp": 52, "totalOnTimeS": 2240.1911783218384, "targetHumi": 30, "lastTotalOnTimeS": 7175.459339618683}