{"coolingMode": 1, "targetTemp": 52, "totalOnTimeS": 4076.2343719005585, "targetHumi": 30, "lastTotalOnTimeS": 5583.8269810676575}